ID,Type,X,Y,Z,Magnitude
0,2,5,2,1,5.47723
1,2,10,2,1,10.247
2,3,12,2,1,12.2066
3,3,20,2,1,20.1246
4,2,7,3,1,7.68115
5,3,8,3,1,8.60233
6,2,15,3,1,15.3297
7,2,21,3,1,21.2368
8,1,20,4,1,20.4206
9,1,9,5,1,10.3441
10,1,11,5,1,12.1244
11,2,12,5,1,13.0384
12,1,14,5,1,14.8997
13,1,16,5,1,16.7929
14,0,21,5,1,21.6102
15,1,22,5,1,22.5832
16,2,23,5,1,23.5584
17,2,1,6,1,6.16441
18,1,6,6,1,8.544
19,0,18,6,1,19.0
20,3,20,6,1,20.9045
21,1,21,6,1,21.8632
22,0,22,6,1,22.8254
23,1,23,6,1,23.7908
24,1,19,7,1,20.2731
25,2,21,7,1,22.1585
26,1,14,8,1,16.1555
27,3,21,8,1,22.4944
28,2,2,9,1,9.27362
29,3,12,9,1,15.0333
30,1,22,9,1,23.7908
31,1,3,10,1,10.4881
32,0,8,10,1,12.8452
33,0,15,10,1,18.0555
34,3,16,10,1,18.8944
35,1,18,10,1,20.6155
36,1,4,11,1,11.7473
37,1,6,11,1,12.5698
38,1,12,11,1,16.3095
39,1,17,11,1,20.2731
40,1,23,11,1,25.5147
41,0,5,12,1,13.0384
42,1,16,13,1,20.6398
43,0,17,13,1,21.4243
44,2,18,13,1,22.2261
45,2,20,13,1,23.8747
46,2,10,14,1,17.2337
47,2,16,14,1,21.2838
48,2,17,14,1,22.0454
49,2,21,14,1,25.2587
50,1,22,14,1,26.096
51,2,3,2,2,4.12311
52,1,7,2,2,7.54983
53,2,9,2,2,9.43398
54,2,10,2,2,10.3923
55,2,1,3,2,3.74166
56,3,6,3,2,7.0
57,2,7,3,2,7.87401
58,1,8,3,2,8.77496
59,1,11,3,2,11.5758
60,2,12,3,2,12.53
61,3,14,3,2,14.4568
62,2,18,3,2,18.3576
63,1,19,3,2,19.3391
64,1,22,3,2,22.2935
65,2,23,3,2,23.2809
66,0,3,4,2,5.38516
67,0,5,4,2,6.7082
68,1,6,4,2,7.48331
69,2,13,4,2,13.7477
70,3,17,4,2,17.5784
71,2,18,4,2,18.5472
72,1,2,5,2,5.74456
73,1,10,5,2,11.3578
74,2,14,5,2,15.0
75,2,22,5,2,22.6495
76,0,11,6,2,12.6886
77,2,12,6,2,13.5647
78,0,14,6,2,15.3623
79,2,19,6,2,20.025
80,2,20,6,2,20.9762
81,1,1,7,2,7.34847
82,2,3,7,2,7.87401
83,2,8,7,2,10.8167
84,1,11,7,2,13.1909
85,2,13,7,2,14.8997
86,3,16,7,2,17.5784
87,2,17,7,2,18.4932
88,2,1,8,2,8.30662
89,1,2,8,2,8.48528
90,0,6,8,2,10.198
91,1,7,8,2,10.8167
92,1,17,8,2,18.8944
93,1,1,9,2,9.27362
94,0,8,9,2,12.2066
95,1,10,9,2,13.6015
96,2,11,9,2,14.3527
97,2,16,9,2,18.4662
98,1,20,9,2,22.0227
99,1,8,10,2,12.9615
100,2,10,10,2,14.2829
101,2,16,10,2,18.9737
102,2,17,10,2,19.8242
103,2,2,11,2,11.3578
104,0,16,11,2,19.5192
105,2,19,11,2,22.0454
106,1,21,11,2,23.7908
107,2,22,11,2,24.6779
108,2,15,12,2,19.3132
109,1,17,12,2,20.9045
110,2,2,13,2,13.3041
111,1,5,13,2,14.0712
112,1,18,13,2,22.2935
113,0,19,13,2,23.1084
114,1,21,13,2,24.779
115,2,23,13,2,26.4953
116,1,4,14,2,14.6969
117,1,11,14,2,17.9165
118,1,14,14,2,19.8997
119,1,17,14,2,22.1133
120,2,18,14,2,22.891
121,3,21,14,2,25.318
122,3,11,1,3,11.4455
123,2,11,2,3,11.5758
124,1,19,2,3,19.3391
125,2,20,2,3,20.3224
126,2,5,3,3,6.55744
127,2,7,3,3,8.18535
128,1,9,3,3,9.94987
129,2,10,3,3,10.8628
130,3,12,3,3,12.7279
131,2,13,3,3,13.6748
132,2,15,3,3,15.5885
133,3,21,3,3,21.4243
134,3,23,3,3,23.388
135,1,11,4,3,12.083
136,1,13,4,3,13.9284
137,2,18,4,3,18.6815
138,3,19,4,3,19.6469
139,4,20,4,3,20.6155
140,1,23,4,3,23.5372
141,1,3,5,3,6.55744
142,2,4,5,3,7.07107
143,0,6,5,3,8.3666
144,4,9,5,3,10.7238
145,0,10,5,3,11.5758
146,1,13,5,3,14.2478
147,2,19,5,3,19.8746
148,1,6,6,3,9.0
149,1,12,6,3,13.7477
150,1,14,6,3,15.5242
151,4,20,6,3,21.095
152,1,22,6,3,23.0
153,0,5,7,3,9.11043
154,3,10,7,3,12.5698
155,3,17,7,3,18.6279
156,0,1,8,3,8.60233
157,1,2,8,3,8.77496
158,1,4,8,3,9.43398
159,1,5,8,3,9.8995
160,2,7,8,3,11.0454
161,2,15,8,3,17.2627
162,2,18,8,3,19.9249
163,0,3,9,3,9.94987
164,0,19,9,3,21.2368
165,2,20,9,3,22.1359
166,1,12,10,3,15.906
167,1,17,10,3,19.9499
168,2,5,11,3,12.4499
169,2,8,13,3,15.5563
170,2,18,13,3,22.4054
171,1,19,13,3,23.2164
172,2,21,13,3,24.8797
173,1,19,14,3,23.7908
174,2,21,14,3,25.4165
175,3,12,1,4,12.6886
176,1,23,1,4,23.3666
177,3,3,2,4,5.38516
178,1,14,2,4,14.6969
179,2,17,2,4,17.5784
180,2,19,2,4,19.5192
181,0,23,2,4,23.4307
182,1,4,3,4,6.40312
183,4,5,3,4,7.07107
184,3,6,3,4,7.81025
185,1,7,3,4,8.60233
186,2,8,3,4,9.43398
187,3,9,3,4,10.2956
188,2,11,3,4,12.083
189,4,22,3,4,22.561
190,1,23,3,4,23.5372
191,3,1,4,4,5.74456
192,1,4,4,4,6.9282
193,1,10,4,4,11.4891
194,0,12,4,4,13.2665
195,2,16,4,4,16.9706
196,3,4,5,4,7.54983
197,1,13,5,4,14.4914
198,1,14,5,4,15.3948
199,1,8,6,4,10.7703
200,0,12,6,4,14.0
201,0,15,6,4,16.6433
202,3,13,7,4,15.2971
203,1,16,7,4,17.9165
204,2,17,7,4,18.8149
205,3,18,7,4,19.7231
206,1,23,7,4,24.3721
207,1,6,8,4,10.7703
208,0,16,8,4,18.3303
209,1,7,9,4,12.083
210,0,11,9,4,14.7648
211,1,18,9,4,20.5183
212,3,9,10,4,14.0357
213,2,11,10,4,15.3948
214,2,14,10,4,17.6635
215,1,9,11,4,14.7648
216,1,15,11,4,19.0263
217,3,19,11,4,22.3159
218,3,22,11,4,24.9199
219,1,1,12,4,12.6886
220,3,2,13,4,13.7477
221,2,4,13,4,14.1774
222,1,14,13,4,19.5192
223,2,16,13,4,21.0
224,0,19,13,4,23.3666
225,1,21,13,4,25.02
226,0,4,14,4,15.0997
227,2,8,14,4,16.6132
228,3,9,14,4,17.1172
229,2,11,14,4,18.2483
230,3,12,14,4,18.868
231,3,18,14,4,23.1517
232,3,21,14,4,25.5539
233,3,13,1,5,13.9642
234,2,14,1,5,14.8997
235,2,23,1,5,23.5584
236,2,12,2,5,13.1529
237,3,17,2,5,17.8326
238,2,18,2,5,18.7883
239,1,20,2,5,20.7123
240,1,23,2,5,23.622
241,1,2,3,5,6.16441
242,2,6,3,5,8.3666
243,3,7,3,5,9.11043
244,0,11,3,5,12.4499
245,1,18,3,5,18.9209
246,2,20,3,5,20.8327
247,3,22,3,5,22.7596
248,2,23,3,5,23.7276
249,1,8,4,5,10.247
250,2,10,4,5,11.8743
251,1,11,4,5,12.7279
252,1,14,4,5,15.3948
253,3,15,4,5,16.3095
254,0,19,4,5,20.0499
255,2,4,5,5,8.12404
256,0,13,5,5,14.7986
257,1,14,5,5,15.6844
258,1,17,5,5,18.412
259,1,4,6,5,8.77496
260,2,14,6,5,16.0312
261,2,22,6,5,23.3452
262,1,12,7,5,14.7648
263,4,13,7,5,15.5885
264,2,16,7,5,18.1659
265,2,18,7,5,19.9499
266,2,12,8,5,15.2643
267,0,13,8,5,16.0624
268,3,14,8,5,16.8819
269,2,23,8,5,24.8596
270,3,1,9,5,10.3441
271,2,3,9,5,10.7238
272,0,7,9,5,12.4499
273,2,9,9,5,13.6748
274,1,12,9,5,15.8114
275,1,15,9,5,18.1934
276,3,16,9,5,19.0263
277,1,3,10,5,11.5758
278,1,11,10,5,15.6844
279,1,15,10,5,18.7083
280,2,18,11,5,21.6795
281,2,21,11,5,24.2281
282,3,17,12,5,21.4009
283,1,4,13,5,14.4914
284,1,16,13,5,21.2132
285,1,17,13,5,21.9773
286,1,18,13,5,22.7596
287,2,1,14,5,14.8997
288,2,18,14,5,23.3452
289,2,21,14,5,25.7294
290,3,14,1,6,15.2643
291,2,15,1,6,16.1864
292,2,3,2,6,7.0
293,1,8,2,6,10.198
294,2,9,2,6,11.0
295,2,10,2,6,11.8322
296,1,11,2,6,12.6886
297,2,17,2,6,18.1384
298,3,18,2,6,19.0788
299,1,20,2,6,20.9762
300,2,22,2,6,22.891
301,2,2,3,6,7.0
302,2,5,3,6,8.3666
303,1,10,3,6,12.0416
304,2,12,3,6,13.7477
305,1,16,3,6,17.3494
306,0,17,3,6,18.2757
307,2,18,3,6,19.2094
308,2,22,3,6,23.0
309,3,23,3,6,23.9583
310,2,1,4,6,7.28011
311,1,4,4,6,8.24621
312,0,8,4,6,10.7703
313,2,15,4,6,16.6433
314,1,23,4,6,24.1039
315,4,7,5,6,10.4881
316,1,8,5,6,11.1803
317,1,1,6,6,8.544
318,0,2,6,6,8.7178
319,2,4,6,6,9.38083
320,1,5,6,6,9.84886
321,1,7,6,6,11.0
322,0,8,6,6,11.6619
323,2,11,6,6,13.8924
324,3,12,6,6,14.6969
325,1,15,6,6,17.2337
326,2,17,6,6,19.0
327,2,20,6,6,21.7256
328,1,22,6,6,23.5797
329,1,13,7,6,15.9374
330,2,16,7,6,18.4662
331,3,19,7,6,21.1187
332,1,23,7,6,24.779
333,2,7,8,6,12.2066
334,1,12,8,6,15.6205
335,1,15,8,6,18.0278
336,1,16,8,6,18.868
337,1,1,9,6,10.8628
338,2,2,9,6,11.0
339,1,9,9,6,14.0712
340,1,14,9,6,17.6918
341,2,15,9,6,18.4932
342,2,16,9,6,19.3132
343,0,21,9,6,23.622
344,0,2,10,6,11.8322
345,2,5,10,6,12.6886
346,2,9,10,6,14.7309
347,1,14,10,6,18.2209
348,1,4,11,6,13.1529
349,1,7,11,6,14.3527
350,2,9,11,6,15.4272
351,0,11,11,6,16.6733
352,1,15,11,6,19.5448
353,1,18,11,6,21.9317
354,2,19,11,6,22.7596
355,1,21,11,6,24.454
356,2,13,12,6,18.6815
357,0,14,12,6,19.3907
358,0,22,12,6,25.7682
359,1,23,12,6,26.6271
360,2,2,13,6,14.4568
361,1,12,13,6,18.6815
362,0,17,13,6,22.2261
363,1,8,14,6,17.2047
364,2,9,14,6,17.6918
365,1,11,14,6,18.7883
366,2,12,14,6,19.3907
367,2,13,14,6,20.025
368,1,17,14,6,22.8254
369,3,19,14,6,24.3516
370,1,14,2,7,15.7797
371,3,15,2,7,16.6733
372,2,16,2,7,17.5784
373,1,17,2,7,18.4932
374,2,18,2,7,19.4165
375,0,7,3,7,10.3441
376,1,8,3,7,11.0454
377,1,9,3,7,11.7898
378,3,11,3,7,13.3791
379,4,14,3,7,15.9374
380,1,18,3,7,19.5448
381,1,21,3,7,22.3383
382,2,22,3,7,23.2809
383,3,1,4,7,8.12404
384,1,2,4,7,8.30662
385,2,5,4,7,9.48683
386,1,7,4,7,10.6771
387,2,14,4,7,16.1555
388,3,16,4,7,17.9165
389,1,19,4,7,20.6398
390,1,22,4,7,23.4307
391,1,2,5,7,8.83176
392,1,6,5,7,10.4881
393,1,14,5,7,16.4317
394,0,3,6,7,9.69536
395,1,6,6,7,11.0
396,2,12,6,7,15.1327
397,3,13,6,7,15.9374
398,0,15,6,7,17.6068
399,2,23,6,7,24.779
400,1,1,7,7,9.94987
401,1,2,7,7,10.0995
402,2,5,7,7,11.0905
403,2,9,7,7,13.3791
404,4,11,7,7,14.7986
405,1,12,7,7,15.5563
406,2,13,7,7,16.3401
407,1,16,7,7,18.8149
408,1,17,7,7,19.6723
409,3,20,7,7,22.3159
410,0,23,7,7,25.04
411,1,7,8,7,12.7279
412,2,9,8,7,13.9284
413,2,10,8,7,14.5945
414,2,13,8,7,16.7929
415,0,16,8,7,19.2094
416,1,17,8,7,20.0499
417,3,1,9,7,11.4455
418,1,3,9,7,11.7898
419,2,7,9,7,13.3791
420,1,10,9,7,15.1658
421,1,2,10,7,12.3693
422,0,3,10,7,12.5698
423,1,23,10,7,26.0384
424,0,7,11,7,14.7986
425,1,11,11,7,17.0587
426,0,15,11,7,19.8746
427,2,16,11,7,20.6398
428,1,18,13,7,23.2809
429,2,22,13,7,26.4953
430,1,13,14,7,20.347
431,3,22,14,7,27.0
432,3,16,1,8,17.9165
433,2,23,1,8,24.3721
434,2,17,2,8,18.8944
435,1,5,3,8,9.8995
436,1,8,3,8,11.7047
437,2,9,3,8,12.4097
438,2,11,3,8,13.9284
439,1,12,3,8,14.7309
440,2,14,3,8,16.4012
441,0,15,3,8,17.2627
442,1,16,3,8,18.1384
443,1,17,3,8,19.0263
444,3,20,3,8,21.7486
445,1,22,3,8,23.6008
446,2,2,4,8,9.16515
447,3,5,4,8,10.247
448,2,6,4,8,10.7703
449,0,8,4,8,12.0
450,0,12,4,8,14.9666
451,1,14,4,8,16.6132
452,2,15,4,8,17.4642
453,0,1,5,8,9.48683
454,2,5,5,8,10.6771
455,0,19,5,8,21.2132
456,3,7,6,8,12.2066
457,2,8,6,8,12.8062
458,2,13,6,8,16.4012
459,2,14,6,8,17.2047
460,1,15,6,8,18.0278
461,3,21,6,8,23.2594
462,2,1,7,8,10.6771
463,1,2,7,8,10.8167
464,1,3,7,8,11.0454
465,0,4,7,8,11.3578
466,4,11,7,8,15.2971
467,1,13,7,8,16.7929
468,2,20,7,8,22.6495
469,1,5,8,8,12.3693
470,2,14,8,8,18.0
471,3,17,8,8,20.4206
472,2,1,9,8,12.083
473,3,2,9,8,12.2066
474,2,3,9,8,12.4097
475,3,5,9,8,13.0384
476,2,10,9,8,15.6525
477,3,13,9,8,17.72
478,2,15,9,8,19.2354
479,3,21,9,8,24.2074
480,2,22,9,8,25.0799
481,3,23,9,8,25.9615
482,1,3,10,8,13.1529
483,2,5,10,8,13.7477
484,1,7,10,8,14.5945
485,1,19,10,8,22.9129
486,1,3,11,8,13.9284
487,2,6,11,8,14.8661
488,0,11,11,8,17.4929
489,2,14,11,8,19.5192
490,2,22,11,8,25.865
491,2,13,12,8,19.4165
492,3,14,12,8,20.0998
493,1,13,13,8,20.0499
494,2,16,13,8,22.1133
495,2,17,13,8,22.8473
496,3,21,13,8,25.9615
497,2,8,14,8,18.0
498,1,16,14,8,22.7156
499,2,19,14,8,24.9199
500,2,22,14,8,27.2764
501,2,21,1,9,22.8692
502,3,3,2,9,9.69536
503,2,6,2,9,11.0
504,2,16,2,9,18.4662
505,1,21,2,9,22.9347
506,2,5,3,9,10.7238
507,1,6,3,9,11.225
508,2,13,3,9,16.0935
509,1,14,3,9,16.9115
510,1,15,3,9,17.7482
511,2,20,3,9,22.1359
512,1,22,3,9,23.9583
513,2,1,4,9,9.8995
514,1,2,4,9,10.0499
515,1,4,4,9,10.6301
516,3,6,4,9,11.5326
517,1,15,4,9,17.9444
518,2,16,4,9,18.7883
519,2,17,4,9,19.6469
520,0,22,4,9,24.1039
521,1,23,4,9,25.02
522,1,5,5,9,11.4455
523,2,6,5,9,11.9164
524,1,7,5,9,12.4499
525,0,14,5,9,17.3781
526,1,4,6,9,11.5326
527,2,5,6,9,11.9164
528,2,15,6,9,18.4932
529,2,22,6,9,24.5153
530,2,2,7,9,11.5758
531,1,3,7,9,11.7898
532,3,9,7,9,14.5258
533,3,15,7,9,18.8414
534,1,18,7,9,21.3073
535,2,19,7,9,22.1585
536,2,21,7,9,23.8956
537,1,22,7,9,24.779
538,1,23,7,9,25.671
539,0,6,8,9,13.4536
540,1,7,8,9,13.9284
541,2,13,8,9,17.72
542,2,17,8,9,20.8327
543,2,2,9,9,12.8841
544,3,3,9,9,13.0767
545,2,4,9,9,13.3417
546,1,9,9,9,15.5885
547,2,22,9,9,25.4165
548,1,1,10,9,13.4907
549,3,9,10,9,16.1864
550,0,12,10,9,18.0278
551,0,18,10,9,22.4722
552,2,20,10,9,24.1039
553,1,21,10,9,24.9399
554,2,4,11,9,14.7648
555,1,10,11,9,17.3781
556,2,11,11,9,17.9722
557,1,12,11,9,18.6011
558,1,14,11,9,19.9499
559,2,18,11,9,22.9347
560,3,19,11,9,23.7276
561,2,21,11,9,25.3574
562,3,22,11,9,26.1916
563,0,3,12,9,15.2971
564,3,12,12,9,19.2094
565,2,15,12,9,21.2132
566,1,20,12,9,25.0
567,1,23,12,9,27.4591
568,3,2,13,9,15.9374
569,2,4,13,9,16.3095
570,3,5,13,9,16.5831
571,2,6,13,9,16.9115
572,3,7,13,9,17.2916
573,2,14,13,9,21.1187
574,2,20,13,9,25.4951
575,1,1,14,9,16.6733
576,3,9,14,9,18.9209
577,2,12,14,9,20.5183
578,1,15,14,9,22.4054
579,3,19,14,9,25.2587
580,3,22,14,9,27.5862
581,2,20,2,10,22.4499
582,2,23,2,10,25.1595
583,3,1,3,10,10.4881
584,2,2,3,10,10.6301
585,2,6,3,10,12.0416
586,1,7,3,10,12.5698
587,2,19,3,10,21.6795
588,0,4,4,10,11.4891
589,2,6,4,10,12.3288
590,3,9,4,10,14.0357
591,3,17,4,10,20.1246
592,1,3,5,10,11.5758
593,2,4,5,10,11.8743
594,1,13,5,10,17.1464
595,1,15,5,10,18.7083
596,3,4,6,10,12.3288
597,1,15,6,10,19.0
598,2,16,6,10,19.799
599,2,20,6,10,23.1517
600,2,23,6,10,25.7876
601,1,12,7,10,17.1172
602,2,14,7,10,18.5742
603,2,16,7,10,20.1246
604,1,20,7,10,23.4307
605,0,1,8,10,12.8452
606,1,2,8,10,12.9615
607,2,4,8,10,13.4164
608,1,6,8,10,14.1421
609,0,7,8,10,14.5945
610,2,17,8,10,21.2838
611,2,9,9,10,16.1864
612,0,11,9,10,17.3781
613,1,14,9,10,19.4165
614,3,22,9,10,25.7876
615,3,6,10,10,15.3623
616,1,11,10,10,17.9165
617,1,13,10,10,19.2094
618,0,14,10,10,19.8997
619,1,16,10,10,21.3542
620,1,18,10,10,22.891
621,2,23,10,10,27.0
622,2,3,11,10,15.1658
623,2,16,11,10,21.8403
624,1,3,12,10,15.906
625,2,14,12,10,20.9762
626,1,15,12,10,21.6564
627,1,15,13,10,22.2261
628,1,18,13,10,24.3516
629,2,15,14,10,22.8254
630,2,20,14,10,26.3818
631,3,20,1,11,22.8473
632,2,3,2,11,11.5758
633,2,10,2,11,15.0
634,2,1,3,11,11.4455
635,1,2,3,11,11.5758
636,2,3,3,11,11.7898
637,3,5,3,11,12.4499
638,2,6,3,11,12.8841
639,3,7,3,11,13.3791
640,2,9,3,11,14.5258
641,1,10,3,11,15.1658
642,2,17,3,11,20.4695
643,1,20,3,11,23.0217
644,1,3,4,11,12.083
645,1,5,4,11,12.7279
646,2,10,4,11,15.3948
647,1,16,4,11,19.8242
648,2,21,4,11,24.0416
649,2,2,5,11,12.2474
650,1,19,5,11,22.5167
651,1,20,5,11,23.3666
652,1,22,5,11,25.0998
653,2,14,6,11,18.7883
654,1,16,6,11,20.3224
655,2,21,6,11,24.454
656,3,2,7,11,13.1909
657,2,3,7,11,13.3791
658,2,9,7,11,15.843
659,3,14,7,11,19.1311
660,3,16,7,11,20.6398
661,2,17,7,11,21.4243
662,0,21,7,11,24.7184
663,3,23,7,11,26.4386
664,1,13,8,11,18.8149
665,1,16,8,11,21.0
666,1,20,8,11,24.1868
667,0,2,9,11,14.3527
668,1,3,9,11,14.5258
669,1,9,9,11,16.8226
670,0,19,9,11,23.7276
671,2,21,9,11,25.3574
672,2,2,10,11,15.0
673,1,3,10,11,15.1658
674,2,6,10,11,16.0312
675,2,9,10,11,17.3781
676,2,11,10,11,18.4932
677,2,15,10,11,21.1187
678,0,21,10,11,25.7294
679,1,23,10,11,27.3861
680,1,2,11,11,15.6844
681,3,3,11,11,15.843
682,3,15,11,11,21.6102
683,1,16,11,11,22.3159
684,2,19,11,11,24.5561
685,1,21,11,11,26.1343
686,2,22,11,11,26.9444
687,1,23,11,11,27.7669
688,1,14,12,11,21.4709
689,2,17,12,11,23.5372
690,0,23,12,11,28.178
691,2,2,13,11,17.1464
692,1,4,13,11,17.4929
693,2,5,13,11,17.7482
694,0,13,13,11,21.4243
695,1,14,13,11,22.0454
696,2,17,13,11,24.0624
697,0,18,13,11,24.779
698,2,1,14,11,17.8326
699,1,7,14,11,19.1311
700,2,8,14,11,19.5192
701,1,12,14,11,21.4709
702,2,17,14,11,24.6171
703,2,18,14,11,25.318
704,2,7,2,12,14.0357
705,2,16,2,12,20.0998
706,2,19,2,12,22.561
707,3,1,3,12,12.4097
708,1,5,3,12,13.3417
709,2,6,3,12,13.7477
710,2,11,3,12,16.5529
711,1,17,3,12,21.0238
712,1,19,3,12,22.6716
713,1,3,4,12,13.0
714,4,4,4,12,13.2665
715,0,6,4,12,14.0
716,3,10,4,12,16.1245
717,2,18,4,12,22.0
718,2,23,4,12,26.2488
719,3,3,5,12,13.3417
720,1,6,5,12,14.3178
721,2,11,5,12,17.0294
722,1,12,5,12,17.6918
723,1,18,5,12,22.2036
724,0,19,5,12,23.0217
725,2,20,5,12,23.8537
726,1,21,5,12,24.6982
727,2,23,5,12,26.4197
728,3,1,6,12,13.4536
729,2,2,6,12,13.5647
730,1,10,6,12,16.7332
731,1,14,6,12,19.3907
732,1,16,6,12,20.8806
733,3,18,6,12,22.4499
734,4,1,7,12,13.9284
735,3,9,7,12,16.5529
736,2,14,7,12,19.7231
737,4,21,7,12,25.1794
738,1,4,8,12,14.9666
739,2,7,8,12,16.0312
740,1,8,8,12,16.4924
741,0,3,9,12,15.2971
742,1,18,9,12,23.4307
743,2,22,9,12,26.6271
744,1,11,10,12,19.105
745,0,13,10,12,20.3224
746,1,15,10,12,21.6564
747,1,20,10,12,25.3772
748,2,9,11,12,18.6011
749,2,14,11,12,21.4709
750,2,15,11,12,22.1359
751,3,19,11,12,25.02
752,2,23,11,12,28.178
753,1,5,12,12,17.6918
754,2,12,12,12,20.7846
755,3,2,13,12,17.8045
756,1,6,13,12,18.6815
757,2,7,13,12,19.0263
758,1,13,13,12,21.9545
759,2,14,13,12,22.561
760,1,16,13,12,23.8537
761,1,18,13,12,25.2389
762,1,20,13,12,26.7021
763,1,14,14,12,23.1517
764,1,17,14,12,25.0799
765,2,21,14,12,27.9464
766,3,3,2,13,13.4907
767,3,7,2,13,14.8997
768,2,8,2,13,15.3948
769,3,19,2,13,23.1084
770,2,2,3,13,13.4907
771,1,5,3,13,14.2478
772,0,6,3,13,14.6287
773,1,8,3,13,15.5563
774,1,15,3,13,20.0749
775,2,16,3,13,20.8327
776,2,18,3,13,22.4054
777,2,22,3,13,25.7294
778,1,23,3,13,26.5895
779,1,2,4,13,13.7477
780,2,3,4,13,13.9284
781,1,4,4,13,14.1774
782,1,7,4,13,15.2971
783,0,12,4,13,18.1384
784,3,14,4,13,19.5192
785,3,18,4,13,22.561
786,1,22,4,13,25.865
787,2,4,5,13,14.4914
788,2,14,5,13,19.7484
789,0,16,5,13,21.2132
790,2,21,5,13,25.1992
791,3,22,5,13,26.0384
792,2,23,5,13,26.8887
793,2,8,6,13,16.4012
794,2,16,6,13,21.4709
795,4,17,6,13,22.2261
796,1,19,6,13,23.7908
797,1,4,7,13,15.2971
798,2,9,7,13,17.2916
799,2,11,7,13,18.412
800,3,13,7,13,19.6723
801,0,20,7,13,24.8596
802,0,4,8,13,15.7797
803,2,11,8,13,18.8149
804,1,12,8,13,19.4165
805,2,16,8,13,22.1133
806,2,1,9,13,15.843
807,2,8,9,13,17.72
808,1,9,9,13,18.1934
809,0,18,9,13,23.9583
810,3,20,9,13,25.4951
811,3,23,9,13,27.9106
812,3,6,10,13,17.4642
813,2,10,10,13,19.2094
814,1,12,10,13,20.3224
815,1,21,10,13,26.6458
816,2,23,10,13,28.2489
817,3,1,11,13,17.0587
818,1,3,11,13,17.2916
819,0,4,11,13,17.4929
820,1,8,11,13,18.8149
821,2,13,11,13,21.4243
822,1,23,11,13,28.6182
823,2,2,12,13,17.8045
824,2,6,12,13,18.6815
825,1,9,12,13,19.8494
826,3,16,12,13,23.8537
827,2,19,12,13,25.9615
828,3,5,13,13,19.0526
829,3,7,13,13,19.6723
830,2,4,14,13,19.5192
831,2,12,14,13,22.561
832,3,16,14,13,24.9199
833,0,20,14,13,27.6586
834,3,21,14,13,28.3901
835,2,7,2,14,15.7797
836,2,4,3,14,14.8661
837,2,5,3,14,15.1658
838,1,6,3,14,15.5242
839,2,21,3,14,25.4165
840,3,22,3,14,26.2488
841,1,3,4,14,14.8661
842,3,4,4,14,15.0997
843,3,6,4,14,15.748
844,2,9,4,14,17.1172
845,2,10,4,14,17.6635
846,1,12,4,14,18.868
847,1,20,4,14,24.7386
848,0,22,4,14,26.3818
849,2,7,5,14,16.4317
850,1,8,5,14,16.8819
851,0,9,5,14,17.3781
852,2,20,5,14,24.9199
853,1,1,6,14,15.2643
854,1,7,6,14,16.7631
855,1,9,6,14,17.6918
856,0,10,6,14,18.2209
857,1,12,6,14,19.3907
858,1,15,6,14,21.3776
859,1,20,6,14,25.1396
860,2,21,6,14,25.9422
861,0,3,7,14,15.9374
862,1,10,7,14,18.5742
863,0,15,7,14,21.6795
864,2,18,7,14,23.8537
865,0,23,7,14,27.8209
866,3,8,8,14,18.0
867,1,10,8,14,18.9737
868,1,15,8,14,22.0227
869,1,16,8,14,22.7156
870,1,18,8,14,24.1661
871,2,9,9,14,18.9209
872,2,10,9,14,19.4165
873,1,14,9,14,21.7486
874,3,15,9,14,22.4054
875,2,17,9,14,23.7908
876,2,20,9,14,26.0192
877,2,7,10,14,18.5742
878,3,8,10,14,18.9737
879,1,10,10,14,19.8997
880,0,12,10,14,20.9762
881,2,13,10,14,21.5639
882,2,15,10,14,22.8254
883,2,20,10,14,26.3818
884,0,21,10,14,27.1477
885,2,8,11,14,19.5192
886,3,13,11,14,22.0454
887,1,15,11,14,23.2809
888,0,1,12,14,18.4662
889,4,12,12,14,22.0
890,2,16,12,14,24.4131
891,2,6,13,14,20.025
892,2,12,13,14,22.561
893,2,16,13,14,24.9199
894,0,17,13,14,25.5734
895,1,23,13,14,29.8998
896,1,8,14,14,21.3542
897,1,11,14,14,22.6495
898,2,17,14,14,26.096
899,3,18,14,14,26.7582
900,2,18,1,15,23.4521
901,2,3,2,15,15.4272
902,1,2,3,15,15.4272
903,1,4,3,15,15.8114
904,3,5,3,15,16.0935
905,2,6,3,15,16.4317
906,1,22,3,15,26.7955
907,2,5,4,15,16.3095
908,3,11,4,15,19.0263
909,2,13,4,15,20.2485
910,2,18,4,15,23.7697
911,2,3,5,15,16.0935
912,1,4,5,15,16.3095
913,2,6,5,15,16.9115
914,1,8,5,15,17.72
915,1,13,5,15,20.4695
916,4,15,5,15,21.7945
917,1,21,5,15,26.2869
918,2,22,5,15,27.0924
919,2,10,6,15,19.0
920,2,12,6,15,20.1246
921,2,14,6,15,21.3776
922,1,23,6,15,28.1069
923,2,12,7,15,20.445
924,1,14,7,15,21.6795
925,1,5,8,15,17.72
926,2,8,8,15,18.7883
927,2,11,8,15,20.2485
928,2,16,8,15,23.3452
929,2,17,8,15,24.0416
930,1,1,9,15,17.5214
931,2,2,9,15,17.6068
932,1,8,9,15,19.2354
933,2,15,9,15,23.0434
934,1,17,9,15,24.3926
935,3,19,9,15,25.8263
936,2,23,9,15,28.8964
937,2,1,10,15,18.0555
938,2,6,10,15,19.0
939,1,7,10,15,19.3391
940,2,8,10,15,19.7231
941,1,11,10,15,21.1187
942,1,12,10,15,21.6564
943,1,14,10,15,22.8254
944,1,19,10,15,26.1916
945,1,20,10,15,26.9258
946,1,23,10,15,29.2233
947,1,8,11,15,20.2485
948,2,12,11,15,22.1359
949,1,18,11,15,25.8844
950,2,20,11,15,27.313
951,1,1,12,15,19.2354
952,1,2,12,15,19.3132
953,1,19,12,15,27.0185
954,2,2,13,15,19.9499
955,1,6,13,15,20.7364
956,2,9,14,15,22.4054
957,0,14,14,15,24.8395
958,1,17,14,15,26.6458
959,2,18,14,15,27.2947
960,2,21,14,15,29.3598
961,1,1,2,16,16.1555
962,3,18,2,16,24.1661
963,1,23,2,16,28.0891
964,2,1,3,16,16.3095
965,2,4,3,16,16.7631
966,3,6,3,16,17.3494
967,2,7,3,16,17.72
968,1,9,3,16,18.6011
969,2,10,3,16,19.105
970,0,4,4,16,16.9706
971,1,6,4,16,17.5499
972,2,9,4,16,18.7883
973,2,12,4,16,20.3961
974,2,23,4,16,28.3019
975,2,2,5,16,16.8819
976,1,9,5,16,19.0263
977,1,23,5,16,28.4605
978,2,2,6,16,17.2047
979,3,3,6,16,17.3494
980,2,7,6,16,18.4662
981,1,12,6,16,20.8806
982,0,14,6,16,22.0907
983,2,16,6,16,23.4094
984,1,18,6,16,24.8193
985,1,21,6,16,27.074
986,2,22,6,16,27.8568
987,1,10,7,16,20.1246
988,3,12,7,16,21.1896
989,0,18,7,16,25.0799
990,2,1,8,16,17.9165
991,2,7,8,16,19.2094
992,2,10,8,16,20.4939
993,1,11,8,16,21.0
994,4,16,8,16,24.0
995,1,17,8,16,24.6779
996,2,20,8,16,26.8328
997,1,7,9,16,19.6469
998,2,14,9,16,23.0868
999,2,19,9,16,26.4197
1000,0,13,10,16,22.9129
1001,2,14,10,16,23.4947
1002,1,21,10,16,28.2312
1003,2,1,11,16,19.4422
1004,0,14,11,16,23.9374
1005,2,18,11,16,26.4764
1006,3,20,11,16,27.8747
1007,2,2,12,16,20.0998
1008,1,5,12,16,20.6155
1009,1,6,12,16,20.8806
1010,1,16,13,16,26.096
1011,1,17,13,16,26.7208
1012,3,9,14,16,23.0868
1013,2,11,14,16,23.9374
1014,4,16,14,16,26.6083
1015,2,20,14,16,29.189
1016,2,22,14,16,30.5941
1017,2,1,2,17,17.1464
1018,3,3,2,17,17.3781
1019,2,8,2,17,18.8944
1020,2,17,2,17,24.1247
1021,3,1,3,17,17.2916
1022,1,5,3,17,17.9722
1023,3,7,3,17,18.6279
1024,1,8,3,17,19.0263
1025,1,17,3,17,24.2281
1026,2,22,3,17,27.9643
1027,1,23,3,17,28.7576
1028,1,4,4,17,17.9165
1029,1,10,4,17,20.1246
1030,3,13,4,17,21.7715
1031,1,3,5,17,17.9722
1032,1,8,5,17,19.4422
1033,2,15,5,17,23.2164
1034,3,19,5,17,25.9808
1035,2,12,6,17,21.6564
1036,1,13,6,17,22.2261
1037,1,22,6,17,28.4429
1038,2,12,7,17,21.9545
1039,1,18,7,17,25.7294
1040,2,23,7,17,29.4449
1041,1,7,8,17,20.0499
1042,3,9,8,17,20.8327
1043,1,15,8,17,24.0416
1044,2,16,8,17,24.6779
1045,2,17,8,17,25.3377
1046,3,20,8,17,27.4408
1047,0,7,9,17,20.4695
1048,2,8,9,17,20.8327
1049,1,10,9,17,21.6795
1050,1,14,9,17,23.7908
1051,1,17,9,17,25.671
1052,3,18,9,17,26.3439
1053,3,2,10,17,19.8242
1054,3,6,10,17,20.6155
1055,3,8,10,17,21.2838
1056,2,11,10,17,22.5832
1057,1,14,10,17,24.1868
1058,3,16,10,17,25.3969
1059,2,17,10,17,26.0384
1060,0,19,10,17,27.3861
1061,1,4,11,17,20.6398
1062,2,8,11,17,21.7715
1063,2,16,11,17,25.807
1064,1,19,11,17,27.7669
1065,2,20,11,17,28.4605
1066,2,21,11,17,29.1719
1067,0,1,12,17,20.8327
1068,2,5,12,17,21.4009
1069,1,14,12,17,25.0799
1070,1,18,12,17,27.5136
1071,1,23,12,17,31.0161
1072,3,2,13,17,21.4942
1073,2,17,13,17,27.3313
1074,2,5,14,17,22.5832
1075,2,8,14,17,23.4307
1076,3,18,14,17,28.4429
1077,3,21,14,17,30.4302
1078,3,23,14,17,31.8434
1079,3,8,2,18,19.799
1080,1,9,2,18,20.2237
1081,3,17,2,18,24.8395
1082,1,19,2,18,26.2488
1083,2,1,3,18,18.2757
1084,2,5,3,18,18.9209
1085,2,8,3,18,19.9249
1086,2,10,3,18,20.8087
1087,0,18,3,18,25.632
1088,2,23,3,18,29.3598
1089,1,6,4,18,19.3907
1090,4,7,4,18,19.7231
1091,1,18,4,18,25.7682
1092,2,19,4,18,26.4764
1093,1,16,5,18,24.5967
1094,2,21,5,18,28.1069
1095,3,22,5,18,28.8617
1096,2,2,6,18,19.0788
1097,0,10,6,18,21.4476
1098,1,13,6,18,23.0
1099,0,16,6,18,24.8193
1100,2,17,6,18,25.4755
1101,1,2,7,18,19.4165
1102,1,6,7,18,20.2237
1103,3,11,7,18,22.2261
1104,0,13,7,18,23.2809
1105,3,14,7,18,23.8537
1106,3,22,7,18,29.2746
1107,3,1,8,18,19.7231
1108,2,13,8,18,23.6008
1109,0,15,8,18,24.7588
1110,1,16,8,18,25.3772
1111,1,2,9,18,20.2237
1112,1,11,9,18,22.9347
1113,2,13,9,18,23.9583
1114,2,17,9,18,26.3439
1115,2,18,9,18,27.0
1116,1,19,9,18,27.6767
1117,1,22,9,18,29.8161
1118,2,23,9,18,30.5614
1119,1,1,10,18,20.6155
1120,2,9,10,18,22.4722
1121,0,10,10,18,22.891
1122,1,12,10,18,23.8328
1123,2,15,10,18,25.4755
1124,1,17,10,18,26.7021
1125,2,18,10,18,27.3496
1126,1,19,10,18,28.0179
1127,1,23,10,18,30.8707
1128,1,8,11,18,22.561
1129,1,9,11,18,22.9347
1130,2,13,11,18,24.779
1131,2,18,11,18,27.7308
1132,2,23,11,18,31.209
1133,1,2,12,18,21.7256
1134,2,14,12,18,25.7682
1135,3,16,12,18,26.9072
1136,1,17,12,18,27.5136
1137,0,18,12,18,28.1425
1138,1,19,12,18,28.7924
1139,3,21,12,18,30.1496
1140,2,11,13,18,24.779
1141,4,10,14,18,24.8998
1142,3,15,14,18,27.2947
1143,2,21,14,18,31.0
1144,2,3,2,19,19.3391
1145,2,8,2,19,20.7123
1146,2,17,2,19,25.5734
1147,1,22,3,19,29.2233
1148,1,23,3,19,29.9833
1149,1,3,4,19,19.6469
1150,2,5,4,19,20.0499
1151,1,10,4,19,21.8403
1152,2,13,4,19,23.3666
1153,2,18,4,19,26.4764
1154,0,9,5,19,21.6102
1155,1,10,5,19,22.0454
1156,1,14,5,19,24.1247
1157,2,16,5,19,25.3377
1158,1,21,5,19,28.7576
1159,2,22,5,19,29.4958
1160,3,23,5,19,30.249
1161,2,1,6,19,19.9499
1162,1,11,6,19,22.7596
1163,0,12,6,19,23.2594
1164,2,15,6,19,24.9399
1165,4,16,6,19,25.5539
1166,0,18,6,19,26.8514
1167,2,22,6,19,29.6816
1168,4,23,6,19,30.4302
1169,0,5,7,19,20.8567
1170,2,13,7,19,24.0624
1171,2,14,7,19,24.6171
1172,2,22,7,19,29.8998
1173,0,6,8,19,21.4709
1174,2,9,8,19,22.4944
1175,1,12,8,19,23.8537
1176,2,14,8,19,24.9199
1177,1,8,9,19,22.4944
1178,1,11,9,19,23.7276
1179,1,13,9,19,24.7184
1180,2,16,9,19,26.4197
1181,3,17,9,19,27.037
1182,2,19,9,19,28.3373
1183,1,9,10,19,23.2809
1184,0,11,10,19,24.1247
1185,2,13,10,19,25.0998
1186,0,19,10,19,28.6705
1187,0,8,11,19,23.3666
1188,3,9,11,19,23.7276
1189,1,13,11,19,25.5147
1190,1,15,11,19,26.5895
1191,1,19,11,19,29.0345
1192,2,23,11,19,31.7962
1193,0,4,12,19,22.8254
1194,1,5,12,19,23.0217
1195,0,6,12,19,23.2594
1196,4,9,12,19,24.2074
1197,1,11,12,19,25.02
1198,2,15,12,19,27.0185
1199,2,16,12,19,27.5862
1200,1,17,12,19,28.178
1201,4,9,13,19,24.7184
1202,2,10,13,19,25.0998
1203,2,15,13,19,27.4773
1204,0,16,13,19,28.0357
1205,0,23,13,19,32.5423
1206,1,1,14,19,23.622
1207,1,4,14,19,23.9374
1208,1,16,14,19,28.5132
1209,2,18,14,19,29.6816
1210,1,20,14,19,30.9354
1211,2,23,14,19,32.9545
1212,2,1,2,20,20.1246
1213,3,3,2,20,20.3224
1214,2,17,2,20,26.3249
1215,1,7,3,20,21.4009
1216,2,9,3,20,22.1359
1217,1,15,3,20,25.1794
1218,0,3,4,20,20.6155
1219,4,7,4,20,21.5639
1220,0,22,4,20,30.0
1221,1,4,5,20,21.0
1222,1,8,5,20,22.1133
1223,3,16,5,20,26.096
1224,1,17,5,20,26.7208
1225,3,20,5,20,28.7228
1226,2,22,5,20,30.1496
1227,1,1,6,20,20.9045
1228,2,9,6,20,22.7376
1229,1,15,6,20,25.7099
1230,2,17,6,20,26.9258
1231,1,18,6,20,27.5681
1232,1,1,7,20,21.2132
1233,2,11,7,20,23.8747
1234,1,12,7,20,24.3516
1235,3,13,7,20,24.8596
1236,4,21,7,20,29.8329
1237,1,15,8,20,26.2488
1238,2,23,8,20,31.5119
1239,2,2,9,20,22.0227
1240,1,8,9,20,23.3452
1241,0,11,9,20,24.5357
1242,4,14,9,20,26.0192
1243,2,16,9,20,27.1477
1244,2,23,9,20,31.7805
1245,2,2,10,20,22.4499
1246,2,6,10,20,23.1517
1247,2,8,10,20,23.7487
1248,2,9,10,20,24.1039
1249,1,18,10,20,28.7054
1250,1,19,10,20,29.3428
1251,0,21,10,20,30.6757
1252,2,23,10,20,32.078
1253,4,12,11,20,25.7876
1254,1,15,11,20,27.313
1255,2,19,11,20,29.6985
1256,1,22,11,20,31.7017
1257,2,1,12,20,23.3452
1258,1,4,12,20,23.6643
1259,2,5,12,20,23.8537
1260,1,6,12,20,24.0832
1261,2,9,12,20,25.0
1262,2,12,12,20,26.2298
1263,1,13,12,20,26.7021
1264,2,14,12,20,27.2029
1265,0,20,12,20,30.7246
1266,2,1,13,20,23.8747
1267,1,13,13,20,27.1662
1268,1,15,13,20,28.178
1269,4,16,13,20,28.7228
1270,1,17,13,20,29.2916
1271,1,22,13,20,32.45
1272,2,4,14,20,24.7386
1273,2,15,14,20,28.6531
1274,1,16,14,20,29.189
1275,2,17,14,20,29.7489
1276,2,20,14,20,31.5595
1277,1,22,14,20,32.8634
1278,1,1,2,21,21.1187
1279,2,10,2,21,23.3452
1280,3,16,2,21,26.4764
1281,3,8,3,21,22.6716
1282,1,9,3,21,23.0434
1283,0,15,3,21,25.9808
1284,1,16,3,21,26.5707
1285,1,2,4,21,21.4709
1286,1,5,4,21,21.9545
1287,1,7,4,21,22.4944
1288,1,16,4,21,26.7021
1289,2,17,4,21,27.313
1290,2,1,5,21,21.6102
1291,2,3,5,21,21.7945
1292,2,15,5,21,26.2869
1293,2,16,5,21,26.8701
1294,1,18,5,21,28.1069
1295,2,21,5,21,30.1164
1296,3,1,6,21,21.8632
1297,1,2,6,21,21.9317
1298,4,9,6,21,23.622
1299,1,12,6,21,24.9199
1300,1,16,6,21,27.074
1301,0,18,6,21,28.3019
1302,0,23,6,21,31.7175
1303,2,7,7,21,23.2164
1304,2,12,7,21,25.1794
1305,2,13,7,21,25.671
1306,3,20,7,21,29.8329
1307,4,22,7,21,31.209
1308,2,1,8,21,22.4944
1309,1,18,8,21,28.7924
1310,2,1,9,21,22.8692
1311,1,3,9,21,23.0434
1312,2,9,9,21,24.5561
1313,2,14,9,21,26.7955
1314,3,16,9,21,27.8927
1315,3,3,10,21,23.4521
1316,2,4,10,21,23.6008
1317,3,12,10,21,26.1725
1318,0,1,11,21,23.7276
1319,2,3,11,21,23.8956
1320,1,8,11,21,25.02
1321,1,11,11,21,26.1343
1322,1,20,11,21,31.0161
1323,1,2,12,21,24.2693
1324,0,4,12,21,24.5153
1325,3,8,12,21,25.4755
1326,2,11,12,21,26.5707
1327,0,12,12,21,27.0
1328,2,2,13,21,24.779
1329,1,7,13,21,25.671
1330,2,9,13,21,26.2869
1331,3,10,13,21,26.6458
1332,1,12,13,21,27.4591
1333,0,13,13,21,27.9106
1334,1,14,13,21,28.3901
1335,2,16,13,21,29.4279
1336,0,17,13,21,29.9833
1337,2,21,13,21,32.4191
1338,2,22,13,21,33.0757
1339,1,23,13,21,33.7491
1340,2,6,14,21,25.9422
1341,3,14,14,21,28.8617
1342,1,17,14,21,30.4302
1343,3,18,14,21,31.0
1344,2,16,2,22,27.2764
1345,1,8,3,22,23.6008
1346,2,2,4,22,22.4499
1347,2,4,4,22,22.7156
1348,3,10,4,22,24.4949
1349,3,12,4,22,25.3772
1350,2,13,4,22,25.865
1351,3,14,4,22,26.3818
1352,2,1,5,22,22.5832
1353,1,3,5,22,22.7596
1354,2,6,5,22,23.3452
1355,1,11,5,22,25.0998
1356,0,18,5,22,28.8617
1357,2,2,6,22,22.891
1358,2,5,6,22,23.3452
1359,4,6,6,22,23.5797
1360,2,7,6,22,23.8537
1361,2,8,6,22,24.1661
1362,2,11,6,22,25.318
1363,1,20,6,22,30.3315
1364,0,1,7,22,23.1084
1365,2,6,7,22,23.8537
1366,3,10,7,22,25.1595
1367,0,15,7,22,27.5318
1368,2,20,7,22,30.545
1369,0,21,7,22,31.209
1370,4,22,7,22,31.8904
1371,1,23,7,22,32.5883
1372,3,2,8,22,23.4947
1373,1,6,8,22,24.1661
1374,2,14,8,22,27.2764
1375,1,18,8,22,29.5296
1376,3,21,8,22,31.4484
1377,0,22,8,22,32.1248
1378,1,1,9,22,23.7908
1379,1,10,9,22,25.7876
1380,2,11,9,22,26.1916
1381,1,12,9,22,26.6271
1382,2,15,9,22,28.1069
1383,2,17,9,22,29.2233
1384,1,22,9,22,32.3883
1385,1,23,9,22,33.0757
1386,3,7,10,22,25.1595
1387,0,17,10,22,29.5466
1388,1,1,11,22,24.6171
1389,0,2,11,22,24.6779
1390,1,3,11,22,24.779
1391,1,7,11,22,25.5734
1392,1,9,11,22,26.1916
1393,2,15,11,22,28.8097
1394,2,17,11,22,29.8998
1395,2,20,11,22,31.7017
1396,1,4,12,22,25.3772
1397,2,7,12,22,26.0192
1398,1,8,12,22,26.3059
1399,2,12,12,22,27.7849
1400,1,13,12,22,28.2312
1401,3,14,12,22,28.7054
1402,3,16,12,22,29.7321
1403,2,17,12,22,30.282
1404,3,23,12,22,34.0147
1405,3,2,13,22,25.632
1406,2,8,13,22,26.7769
1407,2,10,13,22,27.4408
1408,4,16,13,22,30.1496
1409,3,6,14,22,26.7582
1410,2,9,14,22,27.5862
1411,2,14,14,22,29.5973
1412,1,15,14,22,30.0832
1413,3,16,14,22,30.5941
1414,3,23,14,22,34.7707
1415,3,1,2,23,23.1084
1416,2,3,2,23,23.2809
1417,3,15,2,23,27.5318
1418,2,8,3,23,24.5357
1419,2,12,3,23,26.1151
1420,1,18,3,23,29.3598
1421,1,4,4,23,23.6854
1422,2,11,4,23,25.807
1423,0,18,4,23,29.4788
1424,3,1,5,23,23.5584
1425,0,7,5,23,24.5561
1426,1,18,5,23,29.6311
1427,3,21,5,23,31.5436
1428,1,2,6,23,23.8537
1429,2,12,6,23,26.6271
1430,0,13,6,23,27.0924
1431,2,16,6,23,28.6531
1432,2,20,6,23,31.0644
1433,3,23,6,23,33.0757
1434,1,1,7,23,24.0624
1435,3,7,7,23,25.04
1436,1,8,7,23,25.3377
1437,1,11,7,23,26.4386
1438,1,13,7,23,27.3313
1439,1,15,7,23,28.3373
1440,3,19,7,23,30.6431
1441,1,22,7,23,32.5883
1442,0,18,8,23,30.282
1443,2,3,9,23,24.8797
1444,1,4,9,23,25.02
1445,2,9,9,23,26.2869
1446,3,15,9,23,28.8964
1447,2,6,10,23,25.7876
1448,1,16,10,23,29.7489
1449,2,18,10,23,30.8707
1450,1,20,10,23,32.078
1451,0,8,11,23,26.7208
1452,2,10,11,23,27.3861
1453,3,18,11,23,31.209
1454,1,20,11,23,32.4037
1455,0,4,12,23,26.2488
1456,2,6,12,23,26.6271
1457,2,7,12,23,26.8701
1458,2,10,12,23,27.8029
1459,1,20,12,23,32.7567
1460,3,10,13,23,28.2489
1461,1,11,13,23,28.6182
1462,2,15,13,23,30.3809
1463,2,2,14,23,27.0
1464,3,3,14,23,27.0924
1465,2,12,14,23,29.4788
1466,2,17,14,23,31.8434
1467,2,22,14,23,34.7707
1468,2,1,2,24,24.1039
1469,3,2,2,24,24.1661
1470,2,4,2,24,24.4131
1471,2,12,2,24,26.9072
1472,2,18,2,24,30.0666
1473,1,3,3,24,24.3721
1474,2,5,3,24,24.6982
1475,1,13,3,24,27.4591
1476,2,14,3,24,27.9464
1477,1,19,3,24,30.7571
1478,2,22,3,24,32.6956
1479,1,7,4,24,25.318
1480,4,8,4,24,25.6125
1481,3,11,4,24,26.7021
1482,1,22,4,24,32.8024
1483,2,1,5,24,24.5357
1484,2,6,5,24,25.2389
1485,1,8,5,24,25.7876
1486,1,11,5,24,26.8701
1487,0,12,5,24,27.2947
1488,2,15,5,24,28.7402
1489,0,4,6,24,25.0599
1490,1,6,6,24,25.4558
1491,2,9,6,24,26.3249
1492,2,11,6,24,27.074
1493,1,17,6,24,30.0167
1494,1,19,6,24,31.1929
1495,2,22,6,24,33.1059
1496,2,23,6,24,33.7787
1497,2,1,7,24,25.02
1498,1,5,7,24,25.4951
1499,2,7,7,24,25.9615
1500,1,8,7,24,26.2488
1501,2,9,7,24,26.5707
1502,1,20,7,24,32.0156
1503,2,22,7,24,33.3017
1504,0,5,8,24,25.7876
1505,2,7,8,24,26.2488
1506,1,12,8,24,28.0
1507,2,17,8,24,30.4795
1508,2,21,8,24,32.8786
1509,1,9,9,24,27.1662
1510,2,14,9,24,29.2062
1511,1,12,11,24,29.0
1512,0,13,11,24,29.4279
1513,1,14,11,24,29.8831
1514,2,18,11,24,31.9531
1515,2,20,11,24,33.121
1516,4,22,11,24,34.3657
1517,1,7,12,24,27.7308
1518,2,14,12,24,30.2655
1519,2,16,12,24,31.241
1520,0,22,12,24,34.6987
1521,1,8,13,24,28.4429
1522,2,10,13,24,29.0689
1523,0,18,13,24,32.6956
1524,1,20,13,24,33.8378
1525,2,2,14,24,27.8568
1526,1,4,14,24,28.0713
1527,2,6,14,24,28.4253
1528,1,9,14,24,29.2062
1529,3,21,14,24,34.8281
1530,1,22,14,24,35.4401
1531,2,2,2,25,25.1595
1532,3,3,2,25,25.2587
1533,1,12,2,25,27.8029
1534,2,14,2,25,28.7228
1535,2,11,3,25,27.4773
1536,1,5,4,25,25.807
1537,2,6,4,25,26.0192
1538,3,7,4,25,26.2679
1539,1,8,4,25,26.5518
1540,1,18,4,25,31.0644
1541,3,1,5,25,25.5147
1542,1,6,5,25,26.1916
1543,2,11,5,25,27.7669
1544,1,12,5,25,28.178
1545,2,21,5,25,33.0303
1546,1,2,6,25,25.7876
1547,2,8,6,25,26.9258
1548,1,9,6,25,27.2397
1549,3,11,6,25,27.9643
1550,1,13,6,25,28.8097
1551,1,23,6,25,34.4964
1552,3,9,7,25,27.4773
1553,1,10,7,25,27.8209
1554,2,12,7,25,28.6007
1555,0,15,7,25,29.9833
1556,2,18,7,25,31.5911
1557,2,3,8,25,26.4197
1558,1,16,8,25,30.7409
1559,2,19,8,25,32.4037
1560,0,20,8,25,33.0
1561,3,21,8,25,33.6155
1562,1,22,8,25,34.2491
1563,0,23,8,25,34.8999
1564,2,8,9,25,27.7489
1565,1,17,9,25,31.5436
1566,1,18,9,25,32.0936
1567,1,19,9,25,32.665
1568,1,20,9,25,33.2566
1569,1,23,9,25,35.1426
1570,2,4,10,25,27.2213
1571,2,7,10,25,27.8209
1572,0,11,10,25,29.0861
1573,2,21,10,25,34.1467
1574,2,22,10,25,34.7707
1575,1,1,11,25,27.3313
1576,0,2,11,25,27.3861
1577,1,5,11,25,27.7669
1578,1,7,11,25,28.1957
1579,3,18,11,25,32.7109
1580,1,21,11,25,34.4529
1581,2,5,12,25,28.178
1582,3,16,12,25,32.0156
1583,1,17,12,25,32.5269
1584,1,19,12,25,33.6155
1585,4,23,12,25,36.0278
1586,2,6,13,25,28.8097
1587,1,13,13,25,31.0322
1588,0,14,13,25,31.4643
1589,2,15,13,25,31.9218
1590,0,16,13,25,32.4037
1591,3,2,14,25,28.7228
1592,2,15,14,25,32.3419
1593,2,21,14,25,35.5246
1594,2,23,14,25,36.7423
1595,2,3,2,26,26.2488
1596,3,4,2,26,26.3818
1597,3,14,2,26,29.5973
1598,2,20,2,26,32.8634
1599,1,21,2,26,33.4813
1600,2,22,2,26,34.1174
1601,1,5,3,26,26.6458
1602,1,15,3,26,30.1662
1603,1,21,3,26,33.5559
1604,1,1,4,26,26.3249
1605,1,4,4,26,26.6083
1606,2,5,4,26,26.7769
1607,2,6,4,26,26.9815
1608,2,7,4,26,27.2213
1609,1,9,4,26,27.8029
1610,2,13,4,26,29.3428
1611,0,18,4,26,31.8748
1612,2,19,4,26,32.45
1613,2,2,5,26,26.5518
1614,3,15,5,26,30.4302
1615,2,16,5,26,30.9354
1616,3,22,5,26,34.4238
1617,2,1,6,26,26.7021
1618,3,2,6,26,26.7582
1619,2,11,6,26,28.8617
1620,0,13,6,26,29.6816
1621,2,14,6,26,30.133
1622,2,21,6,26,33.9559
1623,2,23,6,26,35.2278
1624,2,1,7,26,26.9444
1625,1,2,7,26,27.0
1626,3,17,7,26,31.8434
1627,2,18,7,26,32.3883
1628,1,19,7,26,32.9545
1629,1,12,8,26,29.7321
1630,1,18,8,26,32.619
1631,3,19,8,26,33.1813
1632,1,20,8,26,33.7639
1633,1,8,9,26,28.6531
1634,3,13,9,26,30.4302
1635,2,17,9,26,32.3419
1636,0,18,9,26,32.8786
1637,2,19,9,26,33.4365
1638,2,20,9,26,34.0147
1639,3,6,10,26,28.4956
1640,1,7,10,26,28.7228
1641,1,11,10,26,29.95
1642,1,1,11,26,28.2489
1643,2,14,11,26,31.5119
1644,1,21,11,26,35.1852
1645,2,22,11,26,35.7911
1646,3,23,11,26,36.4143
1647,0,6,12,26,29.2575
1648,2,13,12,26,31.4484
1649,1,17,12,26,33.3017
1650,1,5,13,26,29.4958
1651,2,7,13,26,29.8998
1652,1,13,13,26,31.8434
1653,1,16,13,26,33.1813
1654,2,17,13,26,33.6749
1655,1,18,13,26,34.1906
1656,2,2,14,26,29.5973
1657,1,7,14,26,30.348
1658,1,12,14,26,31.8748
1659,1,14,14,26,32.6803
1660,3,15,14,26,33.121
1661,1,16,14,26,33.5857
1662,2,20,14,26,35.6651
1663,3,21,14,26,36.2353
1664,3,23,14,26,37.4299
1665,2,4,2,27,27.3679
1666,3,5,2,27,27.5318
1667,1,13,2,27,30.0333
1668,1,16,2,27,31.4484
1669,1,14,3,27,30.5614
1670,0,15,3,27,31.0322
1671,2,20,3,27,33.7343
1672,1,22,3,27,34.9571
1673,3,6,4,27,27.9464
1674,0,8,4,27,28.4429
1675,1,19,4,27,33.2566
1676,1,23,4,27,35.6931
1677,4,2,5,27,27.5318
1678,2,3,5,27,27.6225
1679,1,6,5,27,28.1069
1680,0,13,5,27,30.3809
1681,3,16,5,27,31.7805
1682,2,2,6,27,27.7308
1683,3,3,6,27,27.8209
1684,2,5,6,27,28.1069
1685,1,13,6,27,30.5614
1686,1,15,6,27,31.4643
1687,2,16,6,27,31.9531
1688,3,20,6,27,34.1321
1689,1,1,7,27,27.9106
1690,0,2,7,27,27.9643
1691,2,8,7,27,29.0172
1692,2,16,7,27,32.1559
1693,3,23,7,27,36.1525
1694,2,1,8,27,28.178
1695,3,3,8,27,28.3196
1696,1,6,8,27,28.7924
1697,2,12,8,27,30.6105
1698,2,15,8,27,31.9061
1699,2,19,8,27,33.9706
1700,1,23,8,27,36.3593
1701,2,4,9,27,28.7402
1702,2,7,9,27,29.3087
1703,2,23,9,27,36.5924
1704,3,4,10,27,29.0689
1705,0,10,10,27,30.4795
1706,0,14,10,27,32.0156
1707,1,17,10,27,33.4365
1708,0,19,10,27,34.4964
1709,1,22,10,27,36.2353
1710,3,7,11,27,29.9833
1711,1,13,11,27,31.9218
1712,2,21,11,27,35.9305
1713,2,22,11,27,36.524
1714,2,23,11,27,37.1349
1715,1,7,12,27,30.3645
1716,2,8,12,27,30.6105
1717,1,9,12,27,30.8869
1718,1,12,13,27,32.28
1719,2,19,13,27,35.4824
1720,3,3,14,27,30.5614
1721,3,6,14,27,31.0
1722,0,12,14,27,32.6956
1723,1,14,14,27,33.4813
1724,2,18,14,27,35.3412
1725,2,22,14,27,37.5366
1726,2,15,1,28,31.7805
1727,3,16,1,28,32.2645
1728,2,5,2,28,28.5132
1729,3,6,2,28,28.7054
1730,2,7,2,28,28.931
1731,2,12,2,28,30.5287
1732,2,13,2,28,30.9354
1733,1,15,2,28,31.8277
1734,1,16,2,28,32.311
1735,1,20,2,28,34.4674
1736,1,21,2,28,35.0571
1737,3,22,2,28,35.6651
1738,2,2,3,28,28.2312
1739,1,3,3,28,28.3196
1740,1,5,3,28,28.6007
1741,3,11,3,28,30.2324
1742,2,14,3,28,31.4484
1743,2,21,3,28,35.1283
1744,2,22,3,28,35.7351
1745,2,5,4,28,28.7228
1746,2,6,4,28,28.9137
1747,2,12,4,28,30.7246
1748,2,14,4,28,31.5595
1749,1,15,4,28,32.0156
1750,0,19,4,28,34.0734
1751,0,21,4,28,35.2278
1752,4,5,5,28,28.8791
1753,1,14,5,28,31.7017
1754,1,18,5,28,33.6601
1755,2,22,5,28,35.9583
1756,0,1,6,28,28.6531
1757,1,2,6,28,28.7054
1758,3,4,6,28,28.9137
1759,1,5,6,28,29.0689
1760,2,6,6,28,29.2575
1761,1,12,6,28,31.0483
1762,0,15,6,28,32.3265
1763,1,17,6,28,33.3017
1764,1,21,6,28,35.5106
1765,1,23,6,28,36.7287
1766,1,2,7,28,28.931
1767,4,3,7,28,29.0172
1768,0,5,7,28,29.2916
1769,1,7,7,28,29.6985
1770,3,8,7,28,29.95
1771,3,16,7,28,33.0
1772,1,21,7,28,35.6931
1773,2,23,7,28,36.9053
1774,3,1,8,28,29.1376
1775,2,3,8,28,29.2746
1776,1,5,8,28,29.5466
1777,0,7,8,28,29.95
1778,1,11,8,28,31.1288
1779,2,17,8,28,33.7194
1780,0,20,8,28,35.327
1781,2,21,8,28,35.9026
1782,1,7,9,28,30.2324
1783,2,12,9,28,31.7648
1784,2,14,9,28,32.573
1785,1,17,9,28,33.9706
1786,1,19,9,28,35.0143
1787,2,4,10,28,30.0
1788,1,5,10,28,30.1496
1789,2,6,10,28,30.3315
1790,1,14,10,28,32.8634
1791,1,15,10,28,33.3017
1792,2,17,10,28,34.2491
1793,0,22,10,28,36.9865
1794,2,2,11,28,30.1496
1795,1,3,11,28,30.2324
1796,2,4,11,28,30.348
1797,2,6,11,28,30.6757
1798,1,7,11,28,30.8869
1799,2,13,11,28,32.7719
1800,2,16,11,28,34.0734
1801,1,18,11,28,35.0571
1802,1,22,11,28,37.2693
1803,2,2,12,28,30.5287
1804,1,4,12,28,30.7246
1805,2,7,12,28,31.257
1806,2,9,12,28,31.7648
1807,2,14,12,28,33.5261
1808,2,23,12,28,38.1707
1809,2,12,13,28,33.121
1810,1,13,13,28,33.4963
1811,1,20,13,28,36.7831
1812,1,22,13,28,37.9078
1813,0,23,13,28,38.4968
1814,2,3,14,28,31.4484
1815,2,6,14,28,31.8748
1816,2,9,14,28,32.573
1817,2,16,14,28,35.1568
1818,2,21,14,28,37.6962
1819,1,22,14,28,38.2623
1820,2,17,1,29,33.6303
1821,3,7,2,29,29.8998
1822,2,8,2,29,30.1496
1823,3,13,2,29,31.8434
1824,1,14,2,29,32.2645
1825,2,16,2,29,33.1813
1826,2,21,2,29,35.8608
1827,2,23,2,29,37.0675
1828,1,2,3,29,29.2233
1829,2,10,3,29,30.8221
1830,0,13,3,29,31.9218
1831,0,16,3,29,33.2566
1832,1,22,3,29,36.524
1833,2,1,4,29,29.2916
1834,2,2,4,29,29.3428
1835,2,4,4,29,29.5466
1836,3,12,4,29,31.6386
1837,2,23,4,29,37.229
1838,0,3,5,29,29.5804
1839,1,5,5,29,29.8496
1840,1,11,5,29,31.4166
1841,2,16,5,29,33.4963
1842,2,2,6,29,29.6816
1843,1,3,6,29,29.7658
1844,0,4,6,29,29.8831
1845,0,12,6,29,31.9531
1846,2,19,6,29,35.1852
1847,2,2,7,29,29.8998
1848,1,4,7,29,30.0998
1849,2,7,7,29,30.6431
1850,1,16,7,29,33.8526
1851,0,22,7,29,37.0675
1852,2,1,8,29,30.0998
1853,0,2,8,29,30.1496
1854,3,3,8,29,30.2324
1855,1,6,8,29,30.6757
1856,1,9,8,29,31.4006
1857,2,10,8,29,31.7017
1858,2,13,8,29,32.7719
1859,1,20,8,29,36.1248
1860,2,7,9,29,31.1609
1861,3,12,9,29,32.6497
1862,1,13,9,29,33.0303
1863,2,19,9,29,35.819
1864,1,1,10,29,30.692
1865,1,3,10,29,30.8221
1866,2,15,10,29,34.1467
1867,4,22,10,29,37.7492
1868,2,5,11,29,31.4166
1869,1,19,11,29,36.3731
1870,1,5,12,29,31.7805
1871,0,17,12,29,35.6931
1872,2,18,12,29,36.1801
1873,1,19,12,29,36.6879
1874,2,14,13,29,34.7275
1875,0,15,13,29,35.1426
1876,2,16,13,29,35.5809
1877,2,15,14,29,35.5246
1878,2,17,14,29,36.4143
1879,2,23,14,29,39.5727
1880,2,13,1,30,32.7109
1881,3,17,1,30,34.4964
1882,3,8,2,30,31.1127
1883,2,9,2,30,31.3847
1884,1,16,2,30,34.0588
1885,2,17,2,30,34.5398
1886,1,18,2,30,35.0428
1887,4,3,3,30,30.2985
1888,1,4,3,30,30.4138
1889,2,5,3,30,30.5614
1890,3,10,3,30,31.7648
1891,4,12,3,30,32.45
1892,1,20,3,30,36.1801
1893,1,23,3,30,37.921
1894,1,3,4,30,30.4138
1895,3,4,4,30,30.5287
1896,1,6,4,30,30.8545
1897,2,12,4,30,32.5576
1898,2,15,4,30,33.7787
1899,1,16,4,30,34.2345
1900,1,3,5,30,30.5614
1901,2,8,5,30,31.4484
1902,3,17,5,30,34.8425
1903,1,21,5,30,36.9594
1904,3,23,5,30,38.1314
1905,1,1,6,30,30.6105
1906,3,5,6,30,31.0
1907,1,8,6,30,31.6228
1908,1,16,6,30,34.5254
1909,0,6,7,30,31.3847
1910,2,8,7,30,31.8277
1911,2,9,7,30,32.0936
1912,1,12,7,30,33.0606
1913,2,13,7,30,33.4365
1914,2,15,7,30,34.2637
1915,0,19,7,30,36.1939
1916,2,21,7,30,37.2827
1917,1,22,7,30,37.855
1918,3,23,7,30,38.4448
1919,3,1,8,30,31.0644
1920,4,2,8,30,31.1127
1921,2,5,8,30,31.4484
1922,2,9,8,30,32.3265
1923,3,10,8,30,32.619
1924,2,11,8,30,32.9393
1925,3,14,8,30,34.0588
1926,1,20,8,30,36.9324
1927,2,3,9,30,31.4643
1928,1,6,9,30,31.8904
1929,1,19,9,30,36.6333
1930,1,5,10,30,32.0156
1931,3,6,10,30,32.187
1932,1,8,10,30,32.619
1933,0,13,10,30,34.1906
1934,1,15,10,30,35.0
1935,2,21,10,30,37.9605
1936,0,2,11,30,32.0156
1937,3,4,11,30,32.2025
1938,1,12,11,30,34.1321
1939,2,18,11,30,36.6742
1940,1,20,11,30,37.6962
1941,2,22,11,30,38.7943
1942,2,2,12,30,32.3728
1943,1,3,12,30,32.45
1944,2,4,12,30,32.5576
1945,0,5,12,30,32.6956
1946,3,6,12,30,32.8634
1947,1,14,12,30,35.2136
1948,3,15,12,30,35.623
1949,1,17,12,30,36.5103
1950,3,18,12,30,36.9865
1951,0,22,12,30,39.0896
1952,3,23,12,30,39.6611
1953,2,5,13,30,33.0757
1954,1,18,13,30,37.3229
1955,2,22,13,30,39.4081
1956,3,9,14,30,34.3074
1957,3,14,14,30,35.9444
1958,1,15,14,30,36.3456
1959,2,19,14,30,38.1707
1960,3,21,14,30,39.2046
1961,2,22,14,30,39.7492
1962,3,23,14,30,40.3113
1963,2,21,1,31,37.4566
1964,3,9,2,31,32.3419
1965,2,10,2,31,32.6343
1966,2,17,2,31,35.4119
1967,2,21,2,31,37.4967
1968,4,23,2,31,38.6523
1969,2,13,3,31,33.7491
1970,3,20,3,31,37.0135
1971,3,1,4,31,31.273
1972,0,2,4,31,31.3209
1973,2,4,4,31,31.5119
1974,2,5,4,31,31.6544
1975,2,8,4,31,32.2645
1976,1,9,4,31,32.5269
1977,3,13,4,31,33.8526
1978,2,17,4,31,35.5809
1979,2,20,4,31,37.108
1980,0,22,4,31,38.223
1981,2,1,5,31,31.4166
1982,2,2,5,31,31.4643
1983,1,4,5,31,31.6544
1984,1,5,5,31,31.7962
1985,2,9,5,31,32.665
1986,2,17,5,31,35.7071
1987,3,18,5,31,36.1939
1988,2,23,5,31,38.923
1989,0,2,6,31,31.6386
1990,3,9,6,31,32.8329
1991,1,12,6,31,33.7787
1992,1,15,6,31,34.9571
1993,2,20,6,31,37.3765
1994,1,23,6,31,39.064
1995,2,2,7,31,31.8434
1996,1,3,7,31,31.9218
1997,2,4,7,31,32.0312
1998,1,6,7,31,32.3419
1999,2,15,7,31,35.1426
2000,1,16,7,31,35.5809
2001,2,20,7,31,37.55
2002,2,2,8,31,32.078
2003,2,3,8,31,32.1559
2004,1,5,8,31,32.4037
2005,3,7,8,31,32.7719
2006,2,10,8,31,33.541
2007,1,12,8,31,34.1906
2008,2,14,8,31,34.9428
2009,1,2,9,31,32.3419
2010,1,3,9,31,32.4191
2011,2,6,9,31,32.8329
2012,4,12,9,31,34.4384
2013,1,13,9,31,34.7994
2014,2,19,9,31,37.4566
2015,1,20,9,31,37.9737
2016,2,21,9,31,38.5097
2017,2,1,10,31,32.5883
2018,2,5,10,31,32.9545
2019,0,19,10,31,37.7094
2020,1,21,10,31,38.7556
2021,2,22,10,31,39.3065
2022,4,23,10,31,39.8748
2023,4,1,11,31,32.909
2024,0,7,11,31,33.6303
2025,2,8,11,31,33.8526
2026,1,11,11,31,34.6843
2027,2,12,11,31,35.0143
2028,1,18,11,31,37.4967
2029,0,21,11,31,39.0256
2030,1,22,11,31,39.5727
2031,1,3,12,31,33.3766
2032,1,4,12,31,33.4813
2033,2,6,12,31,33.7787
2034,2,15,12,31,36.4692
2035,0,17,12,31,37.3363
2036,1,4,13,31,33.8526
2037,1,8,13,31,34.5543
2038,1,14,13,31,36.4143
2039,1,15,13,31,36.8103
2040,2,19,13,31,38.6135
2041,3,3,14,31,34.1467
2042,2,15,14,31,37.1753
2043,1,18,14,31,38.4838
2044,2,19,14,31,38.9615
2045,1,22,14,31,40.5093
2046,3,4,1,32,32.2645
2047,1,23,1,32,39.4208
2048,3,18,2,32,36.7696
2049,1,22,2,32,38.8844
2050,3,23,2,32,39.4588
2051,2,8,3,32,33.121
2052,1,12,3,32,34.3074
2053,2,13,3,32,34.6699
2054,1,20,3,32,37.855
2055,2,21,3,32,38.3927
2056,2,23,3,32,39.5221
2057,1,2,4,32,32.311
2058,0,11,4,32,34.0734
2059,1,12,4,32,34.4093
2060,2,15,4,32,35.5668
2061,1,17,4,32,36.4555
2062,2,20,4,32,37.9473
2063,1,23,4,32,39.6106
2064,1,2,5,32,32.45
2065,2,5,5,32,32.7719
2066,0,7,5,32,33.1361
2067,1,10,5,32,33.8969
2068,2,11,5,32,34.2053
2069,2,21,5,32,38.6005
2070,3,1,6,32,32.573
2071,2,4,6,32,32.8024
2072,1,11,6,32,34.3657
2073,0,12,6,32,34.6987
2074,2,17,6,32,36.7287
2075,1,23,6,32,39.8623
2076,2,9,7,32,33.9706
2077,0,15,7,32,36.0278
2078,2,22,7,32,39.4588
2079,1,2,8,32,33.0454
2080,3,4,8,32,33.2265
2081,3,14,8,32,35.8329
2082,2,15,8,32,36.2353
2083,0,20,8,32,38.5746
2084,2,4,9,32,33.4813
2085,2,11,9,32,35.0143
2086,1,13,9,32,35.6931
2087,1,21,9,32,39.3192
2088,1,1,10,32,33.541
2089,4,10,10,32,34.9857
2090,1,11,10,32,35.2846
2091,3,20,10,32,39.0384
2092,1,7,11,32,34.5543
2093,1,8,11,32,34.7707
2094,2,9,11,32,35.0143
2095,2,10,11,32,35.2846
2096,1,21,11,32,39.8246
2097,2,22,11,32,40.3609
2098,1,23,11,32,40.9145
2099,1,4,12,32,34.4093
2100,2,6,12,32,34.6987
2101,0,4,13,32,34.7707
2102,1,6,13,32,35.0571
2103,2,10,13,32,35.9583
2104,1,16,13,32,38.0657
2105,2,17,13,32,38.4968
2106,1,19,13,32,39.4208
2107,1,22,13,32,40.9512
2108,2,3,14,32,35.0571
2109,1,11,14,32,36.6197
2110,2,22,14,32,41.2795
2111,2,23,1,33,40.2368
2112,2,11,2,33,34.8425
2113,3,12,2,33,35.171
2114,2,19,2,33,38.1314
2115,1,20,2,33,38.6394
2116,1,23,2,33,40.2741
2117,1,1,3,33,33.1512
2118,1,8,3,33,34.0881
2119,1,13,3,33,35.5949
2120,2,17,3,33,37.2425
2121,2,22,3,33,39.7744
2122,2,1,4,33,33.2566
2123,1,4,4,33,33.4813
2124,1,6,4,33,33.7787
2125,1,12,4,33,35.3412
2126,2,13,4,33,35.6931
2127,1,15,4,33,36.4692
2128,3,16,4,33,36.8917
2129,2,17,4,33,37.3363
2130,1,20,4,33,38.7943
2131,2,22,4,33,39.8623
2132,0,23,4,33,40.4228
2133,1,1,5,33,33.3916
2134,1,9,5,33,34.5688
2135,1,12,5,33,35.4683
2136,2,16,5,33,37.0135
2137,1,17,5,33,37.4566
2138,2,18,5,33,37.921
2139,4,21,5,33,39.4335
2140,2,22,5,33,39.975
2141,2,1,6,33,33.5559
2142,3,3,6,33,33.6749
2143,2,4,6,33,33.7787
2144,1,5,6,33,33.9117
2145,2,11,6,33,35.2987
2146,1,14,6,33,36.3456
2147,1,20,6,33,39.0512
2148,1,18,7,33,38.2361
2149,1,19,7,33,38.7169
2150,2,1,8,33,33.9706
2151,2,4,8,33,34.1906
2152,1,8,8,33,34.8855
2153,1,15,8,33,37.1214
2154,2,18,8,33,38.4318
2155,1,20,8,33,39.4081
2156,1,1,9,33,34.2199
2157,1,6,9,33,34.7275
2158,2,10,9,33,35.6371
2159,0,11,9,33,35.9305
2160,1,12,9,33,36.2491
2161,1,17,9,33,38.1969
2162,0,18,9,33,38.6523
2163,2,1,10,33,34.4964
2164,1,10,10,33,35.9026
2165,2,12,10,33,36.5103
2166,2,2,11,33,34.8425
2167,1,12,11,33,36.7967
2168,2,13,11,33,37.1349
2169,2,2,12,33,35.171
2170,1,6,12,33,35.623
2171,1,14,12,33,37.8021
2172,2,18,12,33,39.4588
2173,4,19,12,33,39.9249
2174,1,20,12,33,40.4104
2175,2,23,12,33,41.9762
2176,1,1,13,33,35.4824
2177,2,15,13,33,38.5097
2178,2,16,13,33,38.9102
2179,0,18,13,33,39.7744
2180,1,22,13,33,41.7373
2181,3,3,14,33,35.9722
2182,2,21,14,33,41.5452
2183,1,22,14,33,42.0595
2184,2,23,14,33,42.5911
2185,2,4,1,34,34.2491
2186,2,11,1,34,35.7491
2187,4,11,2,34,35.7911
2188,2,12,2,34,36.1109
2189,3,13,2,34,36.4555
2190,1,18,2,34,38.5227
2191,2,3,3,34,34.2637
2192,1,4,3,34,34.3657
2193,2,9,3,34,35.2987
2194,2,13,3,34,36.524
2195,1,14,3,34,36.8917
2196,0,19,3,34,39.064
2197,1,21,3,34,40.0749
2198,1,23,3,34,41.1582
2199,2,8,4,34,35.1568
2200,1,10,4,34,35.6651
2201,2,12,4,34,36.2767
2202,4,16,4,34,37.7889
2203,1,18,4,34,38.6782
2204,1,21,4,34,40.1622
2205,1,1,5,34,34.3802
2206,0,4,5,34,34.5977
2207,1,9,5,34,35.5246
2208,1,16,5,34,37.9078
2209,1,17,5,34,38.3406
2210,3,19,5,34,39.2683
2211,0,21,5,34,40.2741
2212,1,22,5,34,40.8044
2213,1,23,5,34,41.3521
2214,2,9,6,34,35.6791
2215,2,22,6,34,40.939
2216,1,23,6,34,41.4849
2217,1,3,7,34,34.8425
2218,2,6,8,34,35.4401
2219,1,9,8,34,36.0694
2220,1,12,8,34,36.9324
2221,2,19,8,34,39.7618
2222,2,1,9,34,35.1852
2223,0,2,9,34,35.2278
2224,1,4,9,34,35.3977
2225,2,5,9,34,35.5246
2226,2,9,9,34,36.3043
2227,1,10,9,34,36.565
2228,1,18,9,34,39.5095
2229,2,11,10,34,37.108
2230,2,12,10,34,37.4166
2231,1,14,10,34,38.1051
2232,2,17,10,34,39.3065
2233,1,18,10,34,39.7492
2234,1,22,10,34,41.7133
2235,0,3,11,34,35.8608
2236,0,8,11,34,36.6197
2237,2,10,11,34,37.108
2238,1,12,11,34,37.6962
2239,1,2,12,34,36.1109
2240,2,4,12,34,36.2767
2241,1,5,12,34,36.4006
2242,1,10,12,34,37.4166
2243,2,13,12,34,38.3275
2244,2,7,13,34,37.0675
2245,1,16,13,34,39.7618
2246,2,19,13,34,41.0609
2247,2,23,13,34,43.0581
2248,2,3,14,34,36.8917
2249,3,10,14,34,38.1051
2250,2,13,14,34,39.0
2251,3,21,14,34,42.3438
2252,3,23,14,34,43.3705
2253,3,21,1,35,40.8289
2254,1,22,1,35,41.3521
2255,3,1,2,35,35.0714
2256,2,11,2,35,36.7423
2257,2,13,2,35,37.3898
2258,3,14,2,35,37.7492
2259,2,19,2,35,39.8748
2260,2,21,2,35,40.8656
2261,0,22,2,35,41.3884
2262,2,3,3,35,35.2562
2263,3,9,3,35,36.2629
2264,2,14,3,35,37.8153
2265,1,19,3,35,39.9375
2266,0,20,3,35,40.4228
2267,1,2,4,35,35.2846
2268,0,3,4,35,35.3553
2269,3,5,4,35,35.5809
2270,1,8,4,35,36.1248
2271,2,9,4,35,36.3593
2272,1,11,4,35,36.9053
2273,3,14,4,35,37.9078
2274,3,17,4,35,39.1152
2275,2,18,4,35,39.5601
2276,2,23,4,35,42.0714
2277,2,1,5,35,35.3695
2278,2,5,5,35,35.7071
2279,2,9,5,35,36.4829
2280,2,14,5,35,38.0263
2281,2,17,5,35,39.2301
2282,2,20,5,35,40.6202
2283,2,13,6,35,37.8153
2284,0,17,6,35,39.37
2285,2,23,6,35,42.3084
2286,1,7,7,35,36.3731
2287,0,13,7,35,37.9868
2288,2,15,7,35,38.7169
2289,3,4,8,35,36.1248
2290,3,6,8,35,36.4006
2291,2,9,8,35,37.0135
2292,3,10,8,35,37.2693
2293,2,12,8,35,37.855
2294,2,14,8,35,38.5357
2295,3,18,8,35,40.1622
2296,2,23,8,35,42.638
2297,1,2,9,35,36.1939
2298,0,6,9,35,36.6333
2299,1,7,9,35,36.8103
2300,1,9,9,35,37.2425
2301,1,10,9,35,37.4967
2302,2,11,9,35,37.7757
2303,2,17,9,35,39.9375
2304,2,21,9,35,41.7971
2305,2,6,10,35,36.8917
2306,1,11,10,35,38.0263
2307,0,12,10,35,38.3275
2308,2,14,10,35,39.0
2309,2,20,10,35,41.5331
2310,0,21,10,35,42.0238
2311,1,2,11,35,36.7423
2312,2,5,11,35,37.027
2313,1,19,11,35,41.3159
2314,2,2,12,35,37.054
2315,3,4,12,35,37.2156
2316,1,8,12,35,37.855
2317,2,10,12,35,38.3275
2318,1,17,12,35,40.7185
2319,4,19,12,35,41.5933
2320,2,3,13,35,37.4566
2321,1,4,13,35,37.55
2322,1,13,13,35,39.5348
2323,0,14,13,35,39.8748
2324,1,15,13,35,40.2368
2325,1,18,13,35,41.4488
2326,3,20,13,35,42.3556
2327,2,21,13,35,42.8369
2328,2,4,14,35,37.9078
2329,2,11,14,35,39.2683
2330,1,14,14,35,40.2119
2331,2,15,14,35,40.5709
2332,2,22,14,35,43.6463
2333,2,4,1,36,36.2353
2334,2,6,1,36,36.5103
2335,2,11,1,36,37.6563
2336,2,22,1,36,42.2019
2337,2,2,2,36,36.1109
2338,1,3,2,36,36.1801
2339,1,7,2,36,36.7287
2340,2,14,2,36,38.6782
2341,3,15,2,36,39.0512
2342,1,19,2,36,40.7554
2343,1,22,2,36,42.2374
2344,1,1,3,36,36.1386
2345,2,2,3,36,36.1801
2346,1,4,3,36,36.3456
2347,1,13,3,36,38.3927
2348,1,14,3,36,38.7427
2349,2,15,3,36,39.1152
2350,2,16,3,36,39.5095
2351,1,17,3,36,39.9249
2352,2,21,3,36,41.7852
2353,3,22,3,36,42.2966
2354,3,1,4,36,36.2353
2355,1,8,4,36,37.0945
2356,2,14,4,36,38.833
2357,3,15,4,36,39.2046
2358,1,16,4,36,39.598
2359,2,17,4,36,40.0125
2360,1,19,4,36,40.9023
2361,2,21,4,36,41.8688
2362,1,22,4,36,42.3792
2363,2,23,4,36,42.9069
2364,1,2,5,36,36.4006
2365,2,4,5,36,36.565
2366,1,5,5,36,36.6879
2367,1,12,5,36,38.2753
2368,1,14,5,36,38.9487
2369,3,20,5,36,41.4849
2370,0,23,5,36,43.0116
2371,2,1,6,36,36.5103
2372,2,3,6,36,36.6197
2373,2,4,6,36,36.7151
2374,1,6,6,36,36.9865
2375,1,10,6,36,37.8418
2376,1,13,6,36,38.7427
2377,3,14,6,36,39.0896
2378,1,3,7,36,36.7967
2379,1,14,7,36,39.2556
2380,1,16,7,36,40.0125
2381,2,19,7,36,41.3038
2382,2,23,7,36,43.2897
2383,1,3,8,36,37.0
2384,2,4,8,36,37.0945
2385,0,16,8,36,40.1995
2386,1,17,9,36,40.8167
2387,1,18,9,36,41.2432
2388,1,7,10,36,38.0132
2389,2,8,10,36,38.2099
2390,2,11,10,36,38.9487
2391,1,14,10,36,39.8999
2392,0,18,10,36,41.4729
2393,1,4,11,36,37.855
2394,3,15,11,36,40.5216
2395,1,21,11,36,43.1045
2396,4,1,12,36,37.9605
2397,2,3,12,36,38.0657
2398,1,5,12,36,38.2753
2399,1,9,12,36,39.0
2400,3,18,12,36,42.0
2401,0,1,13,36,38.2884
2402,0,4,13,36,38.4838
2403,0,11,13,36,39.8246
2404,2,16,13,36,41.4849
2405,2,20,13,36,43.1856
2406,3,3,14,36,38.7427
2407,2,22,14,36,44.4522
2408,1,4,1,37,37.229
2409,2,21,1,37,42.5558
2410,2,1,2,37,37.0675
2411,2,3,2,37,37.1753
2412,0,4,2,37,37.2693
2413,0,7,2,37,37.7094
2414,1,10,2,37,38.3797
2415,2,15,2,37,39.975
2416,3,16,2,37,40.3609
2417,1,2,3,37,37.1753
2418,2,3,3,37,37.2425
2419,3,4,3,37,37.3363
2420,2,5,3,37,37.4566
2421,4,13,3,37,39.3319
2422,1,14,3,37,39.6737
2423,1,15,3,37,40.0375
2424,2,16,3,37,40.4228
2425,2,18,3,37,41.2553
2426,2,19,3,37,41.7013
2427,3,20,3,37,42.1663
2428,1,2,4,37,37.2693
2429,2,12,4,37,39.1024
2430,0,13,4,37,39.4208
2431,2,15,4,37,40.1248
2432,2,16,4,37,40.5093
2433,1,17,4,37,40.9145
2434,3,18,4,37,41.3401
2435,1,20,4,37,42.2493
2436,1,22,4,37,43.2319
2437,2,8,5,37,38.1838
2438,2,10,5,37,38.6523
2439,2,21,5,37,42.8369
2440,3,4,6,37,37.6962
2441,1,5,6,37,37.8153
2442,0,6,6,37,37.9605
2443,2,10,6,37,38.7943
2444,2,14,6,37,40.0125
2445,0,16,6,37,40.7554
2446,1,1,7,37,37.6696
2447,2,3,7,37,37.7757
2448,1,4,7,37,37.8682
2449,2,7,7,37,38.3014
2450,2,14,7,37,40.1746
2451,1,16,7,37,40.9145
2452,1,22,7,37,43.6119
2453,2,1,8,37,37.8682
2454,2,5,8,37,38.1838
2455,1,9,8,37,38.9102
2456,2,10,8,37,39.1535
2457,1,12,8,37,39.7115
2458,0,2,9,37,38.1314
2459,1,4,9,37,38.2884
2460,0,20,9,37,43.0116
2461,2,4,10,37,38.5357
2462,1,1,11,37,38.6135
2463,2,7,11,37,39.2301
2464,2,19,11,37,43.0233
2465,2,1,12,37,38.9102
2466,3,3,12,37,39.0128
2467,0,5,12,37,39.2173
2468,2,6,12,37,39.3573
2469,1,7,12,37,39.5221
2470,2,9,12,37,39.9249
2471,1,11,12,37,40.4228
2472,2,13,12,37,41.0122
2473,4,17,12,37,42.45
2474,0,21,12,37,44.2041
2475,1,23,12,37,45.1885
2476,1,3,13,37,39.3319
2477,0,8,13,37,40.025
2478,1,15,13,37,41.9881
2479,1,17,13,37,42.7434
2480,1,22,13,37,44.9667
2481,1,1,14,37,39.5727
2482,2,3,14,37,39.6737
2483,1,4,14,37,39.7618
2484,1,7,14,37,40.1746
2485,3,22,14,37,45.2659
2486,3,5,1,38,38.3406
2487,3,2,2,38,38.1051
2488,2,4,2,38,38.2623
2489,2,5,2,38,38.3797
2490,1,7,2,38,38.6911
2491,2,16,2,38,41.2795
2492,3,17,2,38,41.6773
2493,1,1,3,38,38.1314
2494,1,4,3,38,38.3275
2495,2,15,3,38,40.9634
2496,1,16,3,38,41.3401
2497,2,17,3,38,41.7373
2498,1,20,3,38,43.0465
2499,0,22,3,38,44.0114
2500,0,2,4,38,38.2623
2501,1,3,4,38,38.3275
2502,2,7,4,38,38.8458
2503,0,10,4,38,39.4968
2504,1,12,4,38,40.05
2505,3,15,4,38,41.0488
2506,2,19,4,38,42.6732
2507,2,23,4,38,44.5982
2508,2,2,5,38,38.3797
2509,2,5,5,38,38.6523
2510,3,7,5,38,38.9615
2511,4,9,5,38,39.37
2512,0,11,5,38,39.8748
2513,1,13,5,38,40.4722
2514,2,15,5,38,41.1582
2515,3,21,5,38,43.7035
2516,1,22,5,38,44.1928
2517,2,5,6,38,38.7943
2518,1,7,6,38,39.1024
2519,0,9,6,38,39.5095
2520,1,10,6,38,39.7492
2521,3,13,6,38,40.6079
2522,1,19,6,38,42.9069
2523,2,23,6,38,44.8219
2524,2,4,7,38,38.8458
2525,1,13,7,38,40.7676
2526,0,19,7,38,43.0581
2527,0,23,7,38,44.9667
2528,3,5,8,38,39.1535
2529,2,8,8,38,39.6485
2530,2,13,8,38,40.9512
2531,1,15,8,38,41.6293
2532,1,2,9,38,39.1024
2533,2,4,9,38,39.2556
2534,0,5,9,38,39.37
2535,1,6,9,38,39.5095
2536,0,10,9,38,40.3113
2537,3,13,9,38,41.1582
2538,1,20,9,38,43.8748
2539,2,1,10,38,39.3065
2540,3,5,10,38,39.6106
2541,1,11,10,38,40.8044
2542,2,16,10,38,42.4264
2543,3,19,10,38,43.6463
2544,1,20,10,38,44.0908
2545,1,3,11,38,39.6737
2546,4,16,11,38,42.6732
2547,1,18,11,38,43.4626
2548,2,22,11,38,45.2659
2549,2,3,12,38,39.9625
2550,0,16,12,38,42.9418
2551,1,19,12,38,44.1475
2552,2,20,12,38,44.587
2553,1,21,12,38,45.0444
2554,2,3,13,38,40.2741
2555,2,10,13,38,41.3884
2556,1,13,13,38,42.2137
2557,2,14,13,38,42.5323
2558,2,15,13,38,42.8719
2559,2,22,13,38,45.793
2560,2,4,14,38,40.694
2561,2,6,14,38,40.939
2562,1,10,14,38,41.7133
2563,2,13,14,38,42.5323
2564,2,22,14,38,46.0869
2565,2,1,1,39,39.0256
2566,2,2,1,39,39.064
2567,3,20,1,39,43.8406
2568,1,1,2,39,39.064
2569,2,3,2,39,39.1663
2570,1,14,2,39,41.4849
2571,2,15,2,39,41.833
2572,2,17,2,39,42.5911
2573,1,5,3,39,39.4335
2574,2,8,3,39,39.9249
2575,3,14,3,39,41.5452
2576,1,16,3,39,42.2611
2577,2,20,3,39,43.9318
2578,1,21,3,39,44.3959
2579,1,22,3,39,44.8776
2580,1,23,3,39,45.3762
2581,0,3,4,39,39.3192
2582,1,10,4,39,40.4599
2583,2,15,4,39,41.9762
2584,1,17,4,39,42.7317
2585,2,18,4,39,43.1393
2586,1,1,5,39,39.3319
2587,2,6,5,39,39.7744
2588,2,10,5,39,40.5709
2589,2,12,5,39,41.1096
2590,1,3,6,39,39.5727
2591,1,5,6,39,39.7744
2592,2,8,6,39,40.2616
2593,2,13,6,39,41.5452
2594,1,15,6,39,42.2137
2595,1,17,6,39,42.9651
2596,2,11,7,39,41.1218
2597,2,13,7,39,41.7013
2598,2,15,7,39,42.3674
2599,2,18,7,39,43.5201
2600,1,19,7,39,43.9431
2601,2,22,7,39,45.3211
2602,4,23,7,39,45.8148
2603,3,1,8,39,39.8246
2604,3,8,8,39,40.6079
2605,2,9,8,39,40.8167
2606,3,10,8,39,41.0488
2607,3,13,8,39,41.8808
2608,3,23,8,39,45.9783
2609,1,1,9,39,40.0375
2610,2,17,9,39,43.4856
2611,2,5,10,39,40.5709
2612,1,9,10,39,41.2553
2613,2,10,10,39,41.4849
2614,0,11,10,39,41.7373
2615,1,12,10,39,42.0119
2616,0,13,10,39,42.3084
2617,2,14,10,39,42.6263
2618,2,22,10,39,45.8803
2619,1,1,11,39,40.5339
2620,1,3,11,39,40.6325
2621,2,4,11,39,40.7185
2622,2,7,11,39,41.1218
2623,1,11,11,39,41.9881
2624,3,17,11,39,43.9431
2625,3,2,12,39,40.8534
2626,1,4,12,39,41.0
2627,1,5,12,39,41.1096
2628,1,16,12,39,43.8292
2629,0,17,12,39,44.2041
2630,1,22,12,39,46.3573
2631,3,6,13,39,41.5452
2632,2,10,13,39,42.3084
2633,3,20,13,39,45.7165
2634,1,22,13,39,46.6262
2635,3,3,14,39,41.5452
2636,2,7,14,39,42.0238
2637,3,12,14,39,43.1393
2638,3,22,14,39,46.9148
2639,3,1,1,40,40.025
2640,3,3,2,40,40.1622
2641,2,1,3,40,40.1248
2642,2,5,3,40,40.4228
2643,3,8,3,40,40.9023
2644,2,21,3,40,45.2769
2645,1,22,3,40,45.7493
2646,4,23,3,40,46.2385
2647,1,3,4,40,40.3113
2648,3,6,4,40,40.6448
2649,3,16,4,40,43.2666
2650,2,9,5,40,41.3038
2651,1,11,5,40,41.7852
2652,2,3,6,40,40.5586
2653,2,6,6,40,40.8901
2654,1,8,6,40,41.2311
2655,2,11,6,40,41.9166
2656,3,12,6,40,42.19
2657,2,15,6,40,43.1393
2658,2,21,6,40,45.5741
2659,3,22,6,40,46.0435
2660,1,11,7,40,42.0714
2661,1,18,7,40,44.4185
2662,2,19,7,40,44.833
2663,2,22,7,40,46.1844
2664,2,2,9,40,41.0488
2665,2,15,9,40,43.6578
2666,1,16,9,40,44.0114
2667,2,3,10,40,41.3401
2668,3,5,10,40,41.5331
2669,1,11,10,40,42.6732
2670,2,12,10,40,42.9418
2671,1,13,10,40,43.2319
2672,2,18,10,40,44.9889
2673,4,7,11,40,42.0714
2674,2,8,11,40,42.2493
2675,2,16,11,40,44.4635
2676,2,5,12,40,42.0595
2677,1,17,12,40,45.0888
2678,2,19,12,40,45.8803
2679,1,8,13,40,42.8135
2680,3,9,13,40,43.0116
2681,2,22,13,40,47.4658
2682,0,14,4,42,44.4522
2683,1,13,4,43,45.0999